{"schemaVersion":"1.0","appDefinitionTemplate":{"id":"/providers/Microsoft.PowerApps/apps/","type":"Microsoft.PowerApps/apps","tags":{"primaryDeviceWidth":"640","primaryDeviceHeight":"1136","supportsPortrait":"true","supportsLandscape":"true","primaryFormFactor":"Phone","showStatusBar":"false","publisherVersion":"3.23113.20","minimumRequiredApiVersion":"2.2.0","hasComponent":"false","hasUnlockedComponent":"false","isUnifiedRootApp":"false","sienaVersion":"20231206T210340Z-3.23113.20.0"},"properties":{"appVersion":"2023-12-06T21:03:40Z","lifeCycleId":"Published","createdByClientVersion":{"major":3,"minor":23113,"build":20,"revision":0,"majorRevision":0,"minorRevision":0},"minClientVersion":{"major":3,"minor":23113,"build":20,"revision":0,"majorRevision":0,"minorRevision":0},"backgroundColor":"RGBA(0,176,240,1)","backgroundImageUri":"/13371787164370344589/N52364e85-ad5e-490d-8137-73fe5538678a-logoSmallFile","displayName":"BUDGET - Orçamentos Inteligentes","description":"","aiGeneratedDescription":"Create intelligent budgets with ease using our BUDGET app. This app empowers you to manage your budget by providing you with a range of features such as submitting forms, collecting data, and generating reports. With BUDGET, you can streamline your budgeting process and make informed financial decisions.","commitMessage":"","appUris":{"documentUri":{"value":"/13371787164370344589/N95ee2b20-d34a-4274-865c-8b2e3cf4bd98-document.msapp"},"imageUris":[],"additionalUris":[]},"createdTime":"0001-01-01T00:00:00Z","lastModifiedTime":"0001-01-01T00:00:00Z","sharedGroupsCount":0,"sharedUsersCount":0,"connectionReferences":{"c0542dbc-2b51-4367-ba42-60774daf7570":{"id":"04cb715f-5a46-4d5d-9a77-dcf1698ca27c","displayName":"SharePoint","iconUri":"https://connectoricons-prod.azureedge.net/releases/v1.0.1664/1.0.1664.3477/sharepointonline/icon.png","dataSources":["LISTA_ORCAMENTO","LISTA_PRODUTO"],"dependencies":[],"dependents":[],"parameterHints":{},"parameterHintsV2":{},"isOnPremiseConnection":false,"bypassConsent":false,"dataSets":{"https://descomplica2.sharepoint.com/sites/Lucasteam/":{"dataSources":{"LISTA_ORCAMENTO":{"tableName":"f5a661e1-a9a8-4882-b61f-1a329f65f143"},"LISTA_PRODUTO":{"tableName":"c880f9af-69e5-4f8f-a340-91e1a3b15dcf"}}}},"apiTier":"Standard","isCustomApiConnection":false,"actions":["providers/PowerPlatform.Governance/Operations/Read","providers/PowerPlatform.Governance/Operations/Write"]},"df0492b4-5356-4562-a4c4-a558ddada06d":{"id":"19532a2a-771e-4266-bfb9-de40f9841dec","displayName":"Office 365 Outlook","iconUri":"https://connectoricons-prod.azureedge.net/releases/v1.0.1669/1.0.1669.3522/office365/icon.png","dataSources":["Office365Outlook"],"dependencies":[],"dependents":[],"parameterHints":{},"parameterHintsV2":{},"isOnPremiseConnection":false,"bypassConsent":false,"dataSets":{},"apiTier":"Standard","isCustomApiConnection":false,"actions":["SendEmailV2"]}},"databaseReferences":{},"almMode":"Environment","performanceOptimizationEnabled":true,"canConsumeAppPass":true,"enableModernRuntimeMode":false,"executionRestrictions":{"isTeamsOnly":false,"dataLossPreventionEvaluationResult":{"status":"Compliant","lastEvaluationDate":"2023-11-23T10:23:14.2167096Z","violations":[],"violationsByPolicy":[],"violationErrorMessage":"A aplicação utiliza os seguintes conectores: ."}}},"appType":"ClassicCanvasApp","appComponents":[]}}